{
    "DataType": "CustomerData",
    "DataVersion": 0,
    "GameVersion": "0.3.5f3",
    "Dependence": 0.10000000149011612,
    "PurchaseableProducts": [],
    "ProductAffinities": [
        0.7239999771118164,
        0.7049999833106995,
        -0.40799999237060549
    ],
    "TimeSinceLastDealCompleted": 1001082,
    "TimeSinceLastDealOffered": 1001082,
    "OfferedDeals": 0,
    "CompletedDeals": 0,
    "IsContractOffered": false,
    "OfferedContract": {
        "Payment": 0.0,
        "Products": {
            "entries": []
        },
        "DeliveryLocationGUID": "",
        "DeliveryWindow": {
            "IsEnabled": false,
            "WindowStartTime": 1200,
            "WindowEndTime": 1800
        },
        "Expires": false,
        "ExpiresAfter": 0,
        "PickupScheduleIndex": 0,
        "IsCounterOffer": false
    },
    "OfferedContractTime": {
        "elapsedDays": 0,
        "time": 0
    },
    "TimeSincePlayerApproached": 13,
    "TimeSinceInstantDealOffered": 13,
    "HasBeenRecommended": false
}