{
    "DataType": "MetaData",
    "DataVersion": 0,
    "GameVersion": "0.3.5f3",
    "CreationDate": {
        "DataType": "DateTimeData",
        "DataVersion": 0,
        "GameVersion": "0.3.5f3",
        "Year": 2025,
        "Month": 5,
        "Day": 15,
        "Hour": 11,
        "Minute": 13,
        "Second": 52
    },
    "LastPlayedDate": {
        "DataType": "DateTimeData",
        "DataVersion": 0,
        "GameVersion": "0.3.5f3",
        "Year": 2025,
        "Month": 5,
        "Day": 15,
        "Hour": 11,
        "Minute": 14,
        "Second": 16
    },
    "CreationVersion": "0.3.5f3",
    "LastSaveVersion": "0.3.5f3",
    "PlayTutorial": false
}